{"cameraMode":{"drawMode":0,"name":"Shaded","section":"Shading Mode"},"sceneLighting":false,"audioPlay":false,"sceneViewState":{"m_AlwaysRefresh":false,"showFog":true,"showSkybox":false,"showFlares":true,"showImageEffects":true,"showParticleSystems":true,"showVisualEffectGraphs":true,"m_FxEnabled":true},"in2DMode":false,"pivot":{"x":0.0037610530853271486,"y":1.2845547199249268,"z":0.013955920934677124},"rotation":{"x":-0.007394476793706417,"y":0.9837392568588257,"z":-0.17475546896457673,"w":-0.04158814251422882},"size":1.683760643005371,"orthographic":false}