{"cameraMode":{"drawMode":0,"name":"Shaded","section":"Shading Mode"},"sceneLighting":false,"audioPlay":false,"sceneViewState":{"m_AlwaysRefresh":false,"showFog":true,"showSkybox":false,"showFlares":true,"showImageEffects":true,"showParticleSystems":true,"showVisualEffectGraphs":true,"m_FxEnabled":true},"in2DMode":false,"pivot":{"x":0.5856236219406128,"y":1.2945363521575928,"z":-0.0014902204275131226},"rotation":{"x":-0.00303271459415555,"y":0.9595512747764587,"z":-0.2814483344554901,"w":-0.010315227322280407},"size":1.4245473146438599,"orthographic":false}