{"cameraMode":{"drawMode":0,"name":"Shaded","section":"Shading Mode"},"sceneLighting":false,"audioPlay":false,"sceneViewState":{"m_AlwaysRefresh":false,"showFog":true,"showSkybox":false,"showFlares":true,"showImageEffects":true,"showParticleSystems":true,"showVisualEffectGraphs":true,"m_FxEnabled":true},"in2DMode":false,"pivot":{"x":-0.031835317611694339,"y":0.34827712178230288,"z":0.32053619623184206},"rotation":{"x":-0.007394476793706417,"y":0.9837392568588257,"z":-0.17475546896457673,"w":-0.04158814251422882},"size":0.6703882813453674,"orthographic":false}