{"cameraMode":{"drawMode":0,"name":"Shaded","section":"Shading Mode"},"sceneLighting":false,"audioPlay":false,"sceneViewState":{"m_AlwaysRefresh":false,"showFog":true,"showSkybox":false,"showFlares":true,"showImageEffects":true,"showParticleSystems":true,"showVisualEffectGraphs":true,"m_FxEnabled":true},"in2DMode":false,"pivot":{"x":-2.9633359909057619,"y":0.9822533130645752,"z":-3.0071516036987306},"rotation":{"x":-0.012753880582749844,"y":0.9836267828941345,"z":-0.16258466243743897,"w":-0.07712681591510773},"size":3.0453784465789797,"orthographic":false}