{"cameraMode":{"drawMode":0,"name":"Shaded","section":"Shading Mode"},"sceneLighting":false,"audioPlay":false,"sceneViewState":{"m_AlwaysRefresh":false,"showFog":true,"showSkybox":false,"showFlares":true,"showImageEffects":true,"showParticleSystems":true,"showVisualEffectGraphs":true,"m_FxEnabled":true},"in2DMode":false,"pivot":{"x":0.00003880634903907776,"y":0.05910712853074074,"z":0.000041095539927482605},"rotation":{"x":-0.007394476793706417,"y":0.9837392568588257,"z":-0.17475546896457673,"w":-0.04158814251422882},"size":0.06470544636249542,"orthographic":false}