{"cameraMode":{"drawMode":0,"name":"Shaded","section":"Shading Mode"},"sceneLighting":false,"audioPlay":false,"sceneViewState":{"m_AlwaysRefresh":false,"showFog":true,"showSkybox":false,"showFlares":true,"showImageEffects":true,"showParticleSystems":true,"showVisualEffectGraphs":true,"m_FxEnabled":true},"in2DMode":false,"pivot":{"x":-0.1739293336868286,"y":1.5139617919921876,"z":0.7593846321105957},"rotation":{"x":0.04882888123393059,"y":0.9372132420539856,"z":-0.14626246690750123,"w":0.3129238784313202},"size":1.6248490810394288,"orthographic":false}