{"cameraMode":{"drawMode":0,"name":"Shaded","section":"Shading Mode"},"sceneLighting":true,"audioPlay":false,"sceneViewState":{"m_AlwaysRefresh":false,"showFog":true,"showSkybox":true,"showFlares":true,"showImageEffects":true,"showParticleSystems":true,"showVisualEffectGraphs":true,"m_FxEnabled":true},"in2DMode":false,"pivot":{"x":-17.790538787841798,"y":-13.920392036437989,"z":-114.82300567626953},"rotation":{"x":-0.0034520160406827928,"y":0.9965575933456421,"z":-0.05117412284016609,"w":-0.06579560041427612},"size":46.244354248046878,"orthographic":false}