{"cameraMode":{"drawMode":0,"name":"Shaded","section":"Shading Mode"},"sceneLighting":false,"audioPlay":false,"sceneViewState":{"m_AlwaysRefresh":false,"showFog":true,"showSkybox":false,"showFlares":true,"showImageEffects":true,"showParticleSystems":true,"showVisualEffectGraphs":true,"m_FxEnabled":true},"in2DMode":false,"pivot":{"x":0.09501053392887116,"y":0.39708471298217776,"z":-0.49895143508911135},"rotation":{"x":0.01059633120894432,"y":0.9663947820663452,"z":-0.2537841796875,"w":0.040370360016822818},"size":1.218044638633728,"orthographic":false}