{"cameraMode":{"drawMode":0,"name":"Shaded","section":"Shading Mode"},"sceneLighting":false,"audioPlay":false,"sceneViewState":{"m_AlwaysRefresh":false,"showFog":true,"showSkybox":false,"showFlares":true,"showImageEffects":true,"showParticleSystems":true,"showVisualEffectGraphs":true,"m_FxEnabled":true},"in2DMode":false,"pivot":{"x":-0.001568920910358429,"y":0.5495339632034302,"z":-0.0015718862414360047},"rotation":{"x":0.04882888123393059,"y":0.9372132420539856,"z":-0.14626246690750123,"w":0.3129238784313202},"size":0.5648956298828125,"orthographic":false}