{"cameraMode":{"drawMode":0,"name":"Shaded","section":"Shading Mode"},"sceneLighting":false,"audioPlay":false,"sceneViewState":{"m_AlwaysRefresh":false,"showFog":true,"showSkybox":false,"showFlares":true,"showImageEffects":true,"showParticleSystems":true,"showVisualEffectGraphs":true,"m_FxEnabled":true},"in2DMode":false,"pivot":{"x":-3.627232551574707,"y":1.4999996423721314,"z":-0.4382055997848511},"rotation":{"x":-0.007394476793706417,"y":0.9837392568588257,"z":-0.17475546896457673,"w":-0.04158814251422882},"size":2.1104485988616945,"orthographic":false}