{"cameraMode":{"drawMode":0,"name":"Shaded","section":"Shading Mode"},"sceneLighting":false,"audioPlay":false,"sceneViewState":{"m_AlwaysRefresh":false,"showFog":true,"showSkybox":false,"showFlares":true,"showImageEffects":true,"showParticleSystems":true,"showVisualEffectGraphs":true,"m_FxEnabled":true},"in2DMode":false,"pivot":{"x":0.00003415346145629883,"y":0.509063720703125,"z":4.76837158203125e-7},"rotation":{"x":0.04882888123393059,"y":0.9372132420539856,"z":-0.14626246690750123,"w":0.3129238784313202},"size":1.3159968852996827,"orthographic":false}