{"cameraMode":{"drawMode":0,"name":"Shaded","section":"Shading Mode"},"sceneLighting":false,"audioPlay":false,"sceneViewState":{"m_AlwaysRefresh":false,"showFog":true,"showSkybox":false,"showFlares":true,"showImageEffects":true,"showParticleSystems":true,"showVisualEffectGraphs":true,"m_FxEnabled":true},"in2DMode":false,"pivot":{"x":-0.002501577138900757,"y":1.0246312618255616,"z":-0.004415005445480347},"rotation":{"x":-0.007394476793706417,"y":0.9837392568588257,"z":-0.17475546896457673,"w":-0.04158814251422882},"size":1.080401062965393,"orthographic":false}