{"cameraMode":{"drawMode":0,"name":"Shaded","section":"Shading Mode"},"sceneLighting":false,"audioPlay":false,"sceneViewState":{"m_AlwaysRefresh":false,"showFog":true,"showSkybox":false,"showFlares":true,"showImageEffects":true,"showParticleSystems":true,"showVisualEffectGraphs":true,"m_FxEnabled":true},"in2DMode":false,"pivot":{"x":-1.1093170642852784,"y":0.5085964202880859,"z":-3.529266357421875},"rotation":{"x":0.0015810448676347733,"y":0.986832857131958,"z":-0.16159451007843018,"w":0.009487202391028405},"size":4.282762050628662,"orthographic":false}