{"cameraMode":{"drawMode":0,"name":"Shaded","section":"Shading Mode"},"sceneLighting":false,"audioPlay":false,"sceneViewState":{"m_AlwaysRefresh":false,"showFog":true,"showSkybox":false,"showFlares":true,"showImageEffects":true,"showParticleSystems":true,"showVisualEffectGraphs":true,"m_FxEnabled":true},"in2DMode":false,"pivot":{"x":5.960464477539063e-8,"y":0.43819645047187807,"z":1.1920928955078126e-7},"rotation":{"x":0.04882888123393059,"y":0.9372132420539856,"z":-0.14626246690750123,"w":0.3129238784313202},"size":0.650519847869873,"orthographic":false}