{"cameraMode":{"drawMode":0,"name":"Shaded","section":"Shading Mode"},"sceneLighting":false,"audioPlay":false,"sceneViewState":{"m_AlwaysRefresh":false,"showFog":true,"showSkybox":false,"showFlares":true,"showImageEffects":true,"showParticleSystems":true,"showVisualEffectGraphs":true,"m_FxEnabled":true},"in2DMode":false,"pivot":{"x":0.0050890445709228519,"y":1.2099997997283936,"z":0.00695955753326416},"rotation":{"x":-0.00303271459415555,"y":0.9595512747764587,"z":-0.2814483344554901,"w":-0.010315227322280407},"size":1.4457095861434937,"orthographic":false}