{"cameraMode":{"drawMode":0,"name":"Shaded","section":"Shading Mode"},"sceneLighting":false,"audioPlay":false,"sceneViewState":{"m_AlwaysRefresh":false,"showFog":true,"showSkybox":false,"showFlares":true,"showImageEffects":true,"showParticleSystems":true,"showVisualEffectGraphs":true,"m_FxEnabled":true},"in2DMode":false,"pivot":{"x":-0.04185771942138672,"y":12.527607917785645,"z":-0.04185652732849121},"rotation":{"x":-0.040946461260318759,"y":0.9517447352409363,"z":-0.266802579164505,"w":-0.1461694836616516},"size":13.695938110351563,"orthographic":false}