{"cameraMode":{"drawMode":0,"name":"Shaded","section":"Shading Mode"},"sceneLighting":false,"audioPlay":false,"sceneViewState":{"m_AlwaysRefresh":false,"showFog":true,"showSkybox":false,"showFlares":true,"showImageEffects":true,"showParticleSystems":true,"showVisualEffectGraphs":true,"m_FxEnabled":true},"in2DMode":false,"pivot":{"x":0.23577353358268739,"y":0.016253069043159486,"z":0.049911558628082278},"rotation":{"x":-0.00303271459415555,"y":0.9595512747764587,"z":-0.2814483344554901,"w":-0.010315227322280407},"size":0.6105903387069702,"orthographic":false}