{"cameraMode":{"drawMode":0,"name":"Shaded","section":"Shading Mode"},"sceneLighting":false,"audioPlay":false,"sceneViewState":{"m_AlwaysRefresh":false,"showFog":true,"showSkybox":false,"showFlares":true,"showImageEffects":true,"showParticleSystems":true,"showVisualEffectGraphs":true,"m_FxEnabled":true},"in2DMode":false,"pivot":{"x":4.76837158203125e-7,"y":0.5280799269676209,"z":-0.006188154220581055},"rotation":{"x":-0.00303271459415555,"y":0.9595512747764587,"z":-0.2814483344554901,"w":-0.010315227322280407},"size":1.3981574773788453,"orthographic":false}