{"cameraMode":{"drawMode":0,"name":"Shaded","section":"Shading Mode"},"sceneLighting":false,"audioPlay":false,"sceneViewState":{"m_AlwaysRefresh":false,"showFog":true,"showSkybox":false,"showFlares":true,"showImageEffects":true,"showParticleSystems":true,"showVisualEffectGraphs":true,"m_FxEnabled":true},"in2DMode":false,"pivot":{"x":-0.00016808509826660156,"y":5.360623359680176,"z":0.015092849731445313},"rotation":{"x":-0.040946461260318759,"y":0.9517447352409363,"z":-0.266802579164505,"w":-0.1461694836616516},"size":7.712052822113037,"orthographic":false}